bucket,n,p_fav,skew_pred,skew_real,win_rate
"(0.33, 0.42]",200,0.3903857319609305,0.46020660359151877,0.2947237404950091,0.43
"(0.42, 0.48]",170,0.4478617914425308,0.21814643733210368,0.056304014862078415,0.48823529411764705
"(0.48, 0.54]",151,0.5085462210633057,-0.027952179015148335,-0.1648728035559298,0.543046357615894
"(0.54, 0.62]",200,0.5770757259168243,-0.300287338157965,-0.33277580836299014,0.585
"(0.62, 1.0]",316,0.7085760196416954,-0.8272368882817969,-0.8369453587987381,0.7088607594936709
